draft_year,team,eval_completeness,num_picks,total_career_av,total_weighted_av,total_av_over_expected,avg_pro_bowls_per_pick,pct_second_contract,team_wins_5yr,total_av_over_expected_z,avg_pro_bowls_per_pick_z,pct_second_contract_z,team_wins_5yr_z,actual_grade_z,actual_grade_letter
2011,ARI,full,8,0,152,0.0,1.125,0.0,47,0.0,1.3079992708027968,0.0,0.9338082667676849,0.4016710941757121,A-
2011,ATL,full,6,0,159,0.0,1.1666666666666667,0.0,41,0.0,1.3897362751999585,0.0,0.6005532719360948,0.3680302458304059,A-
2011,BAL,full,8,0,169,0.0,0.125,0.0,45,0.0,-0.6536888347290839,0.0,0.8227232684904882,-0.007329276672243576,B
2011,BUF,full,9,0,146,0.0,0.2222222222222222,0.0,35,0.0,-0.4629691578023733,0.0,0.2672982771045046,-0.05249908999479898,B
2011,CAR,full,7,0,139,0.0,0.125,0.0,47,0.0,-0.6536888347290839,0.0,0.9338082667676849,0.009333473069335935,B+
2011,CHI,full,5,0,71,0.0,0.0,0.0,37,0.0,-0.898899847920569,0.0,0.3783832753817013,-0.12302247827685861,B
2011,CIN,full,8,0,215,0.0,1.25,0.0,52,0.0,1.5532102839942818,0.0,1.2115207624606767,0.4923701711679579,A-
2011,CLE,full,8,0,139,0.0,0.125,0.0,23,0.0,-0.6536888347290839,0.0,-0.3992117125586757,-0.19061952382961814,B
2011,DAL,full,8,0,192,0.0,1.5,0.0,40,0.0,2.043632310377252,0.0,0.5450107727974964,0.4904780779950749,A-
2011,DEN,full,9,0,214,0.0,1.1111111111111112,0.0,58,0.0,1.2807536026704096,0.0,1.544775757292267,0.48786708412792196,A-
2011,DET,full,5,0,38,0.0,0.0,0.0,39,0.0,-0.898899847920569,0.0,0.48946827365889806,-0.10635972853527909,B
2011,GNB,full,10,0,162,0.0,0.1,0.0,0,0.0,-0.702731037367381,0.0,-1.676689192746438,-0.39204958638544185,B-
2011,HOU,full,8,0,194,0.0,0.625,0.0,42,0.0,0.3271552180368564,0.0,0.6560957710746931,0.16384540926857522,B+
2011,IND,full,5,0,73,0.0,0.0,0.0,43,0.0,-0.898899847920569,0.0,0.7116382702132915,-0.07303422905212008,B
2011,JAX,full,5,0,54,0.0,0.0,0.0,19,0.0,-0.898899847920569,0.0,-0.6213817091130691,-0.27298722595107416,B-
2011,KAN,full,9,0,182,0.0,0.7777777777777778,0.0,0,0.0,0.6268575674931159,0.0,-1.676689192746438,-0.12613186541334248,B
2011,MIA,full,6,0,112,0.0,0.6666666666666666,0.0,35,0.0,0.408892222434018,0.0,0.2672982771045046,0.1218731860524793,B+
2011,MIN,full,9,0,101,0.0,0.07692307692307693,0.0,36,0.0,-0.7480007628796551,0.0,0.322840776243103,-0.1011740361394656,B
2011,NOR,full,6,0,181,0.0,1.8333333333333333,0.0,0,0.0,2.697528345554545,0.0,-1.676689192746438,0.28800229019894336,A-
2011,NWE,full,9,0,167,0.0,0.0,0.0,0,0.0,-0.898899847920569,0.0,-1.676689192746438,-0.43128334849607947,B-
2011,NYG,full,8,0,62,0.0,0.0,0.0,37,0.0,-0.898899847920569,0.0,0.3783832753817013,-0.12302247827685861,B
2011,NYJ,full,6,0,118,0.0,0.16666666666666666,0.0,36,0.0,-0.5719518303319223,0.0,0.322840776243103,-0.06596424962991904,B
2011,OAK,full,8,0,100,0.0,0.0,0.0,26,0.0,-0.898899847920569,0.0,-0.23258421514288063,-0.2146676018555459,B
2011,PHI,full,11,0,174,0.0,0.6363636363636364,0.0,39,0.0,0.3494471283269914,0.0,0.48946827365889806,0.143309666714233,B+
2011,PIT,full,7,0,170,0.0,1.0,0.0,49,0.0,1.0627882576113117,0.0,1.0448932650448817,0.3692916412789946,A-
2011,SDG,full,8,0,124,0.0,0.0,0.0,0,0.0,-0.898899847920569,0.0,-1.676689192746438,-0.43128334849607947,B-
2011,SEA,full,9,0,275,0.0,0.6666666666666666,0.0,53,0.0,0.408892222434018,0.0,1.267063261599275,0.27183793372669485,A-
2011,SFO,full,10,0,171,0.0,0.1,0.0,0,0.0,-0.702731037367381,0.0,-1.676689192746438,-0.39204958638544185,B-
2011,STL,full,8,0,98,0.0,0.375,0.0,29,0.0,-0.16326680834611376,0.0,-0.06595671772708556,-0.04254686932828559,B
2011,TAM,full,8,0,83,0.0,0.0,0.0,0,0.0,-0.898899847920569,0.0,-1.676689192746438,-0.43128334849607947,B-
2011,TEN,full,9,0,148,0.0,0.5555555555555556,0.0,27,0.0,0.19092687737492028,0.0,-0.17704171600428226,0.011629118074341721,B+
2011,WAS,full,12,0,148,0.0,0.3333333333333333,0.0,31,0.0,-0.24500381274327548,0.0,0.045128280550111165,-0.04223152046613842,B
2012,ARI,full,7,0,122,0.0,0.42857142857142855,0.0,46,0.0,0.09853444888008625,0.0,0.8480629321855281,0.14691632960384646,B+
2012,ATL,full,6,0,34,0.0,0.0,0.0,42,0.0,-0.9417070435382031,0.0,0.6300869174872398,-0.09382837108455466,B
2012,BAL,full,8,0,104,0.0,0.25,0.0,41,0.0,-0.33489950629420095,0.0,0.5755929138126676,0.01935903581305995,B+
2012,BUF,full,9,0,175,0.0,0.5555555555555556,0.0,36,0.0,0.4067541503373573,0.0,0.30312289543980725,0.12681926438344254,B+
2012,CAR,full,7,0,171,0.0,1.1428571428571428,0.0,47,0.0,1.8322702695772353,0.0,0.9025569358601002,0.5018375942944621,A-
2012,CHI,full,6,0,68,0.0,0.16666666666666666,0.0,32,0.0,-0.537168685375535,0.0,0.08514688074151888,-0.09466170496387917,B
2012,CIN,full,10,0,240,0.0,0.1,0.0,49,0.0,-0.6989840286406022,0.0,1.0115449432092443,0.01193493575326618,B+
2012,CLE,full,11,0,174,0.0,0.0,0.0,20,0.0,-0.9417070435382031,0.0,-0.5687811633533462,-0.27365858321064257,B-
2012,DAL,full,7,0,75,0.0,0.0,0.0,45,0.0,-0.9417070435382031,0.0,0.7935689285109561,-0.06930606943099722,B
2012,DEN,full,7,0,176,0.0,0.14285714285714285,0.0,59,0.0,-0.5949598793987733,0.0,1.5564849799549652,0.11448077111349012,B+
2012,DET,full,8,0,116,0.0,0.0,0.0,38,0.0,-0.9417070435382031,0.0,0.4121109027889514,-0.12652477328929793,B
2012,GNB,full,8,0,119,0.0,0.375,0.0,0,0.0,-0.03149573767219987,0.0,-1.658661236844788,-0.25509833306115814,B-
2012,HOU,full,8,0,214,0.0,0.5,0.0,41,0.0,0.2719080309498012,0.0,0.5755929138126676,0.1407205432618604,B+
2012,IND,full,10,0,196,0.0,0.8,0.0,49,0.0,1.0000770756426038,0.0,1.0115449432092443,0.3517471566099074,A-
2012,JAX,full,6,0,92,0.0,0.3333333333333333,0.0,17,0.0,-0.13263032721286694,0.0,-0.7322631743770625,-0.13636554159913275,B
2012,KAN,full,8,0,103,0.0,0.25,0.0,0,0.0,-0.33489950629420095,0.0,-1.658661236844788,-0.3157790867855584,B-
2012,MIA,full,9,0,220,0.0,0.3333333333333333,0.0,39,0.0,-0.13263032721286694,0.0,0.4666049064635235,0.043464670526955136,B+
2012,MIN,full,9,0,179,0.0,0.3076923076923077,0.0,41,0.0,-0.19486699769943117,0.0,0.5755929138126676,0.047365537532013904,B+
2012,NOR,full,5,0,75,0.0,0.2,0.0,0,0.0,-0.4562610137430013,0.0,-1.658661236844788,-0.34005138827531844,B-
2012,NWE,full,7,0,181,0.0,0.8571428571428571,0.0,0,0.0,1.1387759412983756,0.0,-1.658661236844788,-0.021043997267043063,B
2012,NYG,full,7,0,45,0.0,0.0,0.0,39,0.0,-0.9417070435382031,0.0,0.4666049064635235,-0.1183506727381121,B
2012,NYJ,full,8,0,137,0.0,0.25,0.0,33,0.0,-0.33489950629420095,0.0,0.13964088441609096,-0.04603376859642655,B
2012,OAK,full,6,0,55,0.0,0.0,0.0,30,0.0,-0.9417070435382031,0.0,-0.023841126607625288,-0.19191757769878443,B
2012,PHI,full,9,0,234,0.0,0.7777777777777778,0.0,38,0.0,0.9461386278875814,0.0,0.4121109027889514,0.25104436099585903,A-
2012,PIT,full,9,0,158,0.0,0.6666666666666666,0.0,48,0.0,0.6764463891124692,0.0,0.9570509395346722,0.2788469187526947,A-
2012,SDG,full,7,0,109,0.0,0.42857142857142855,0.0,0,0.0,0.09853444888008625,0.0,-1.658661236844788,-0.22909229575070092,B
2012,SEA,full,10,0,416,0.0,2.0,0.0,56,0.0,3.9127532544138144,0.0,1.3930029689312489,0.9915010962224502,A
2012,SFO,full,7,0,37,0.0,0.0,0.0,0,0.0,-0.9417070435382031,0.0,-1.658661236844788,-0.4371405942343588,B-
2012,STL,full,10,0,201,0.0,0.2,0.0,27,0.0,-0.4562610137430013,0.0,-0.18732313763134154,-0.11935067339330149,B
2012,TAM,full,7,0,208,0.0,0.42857142857142855,0.0,0,0.0,0.09853444888008625,0.0,-1.658661236844788,-0.22909229575070092,B
2012,TEN,full,7,0,96,0.0,0.14285714285714285,0.0,27,0.0,-0.5949598793987733,0.0,-0.18732313763134154,-0.14709044652445588,B
2012,WAS,full,9,0,226,0.0,0.7777777777777778,0.0,34,0.0,0.9461386278875814,0.0,0.19413488809066307,0.21834795879111576,B+
2013,ARI,full,8,0,175,0.0,0.12,0.0,49,0.0,-0.5468420976508067,0.0,1.0405102922262126,0.046708124303770526,B+
2013,ATL,full,8,0,92,0.0,0.125,0.0,39,0.0,-0.5344052773635409,0.0,0.4928732963176797,-0.03295006102505625,B
2013,BAL,full,10,0,206,0.0,1.2,0.0,40,0.0,2.139511084398612,0.0,0.547636995908533,0.5100477662660023,A-
2013,BUF,full,8,0,159,0.0,0.0,0.0,39,0.0,-0.8453257845451866,0.0,0.4928732963176797,-0.0951341624613854,B
2013,CAR,full,5,0,130,0.0,0.4,0.0,51,0.0,0.14961983843607962,0.0,1.1500376914079193,0.20242962139840381,B+
2013,CHI,full,6,0,127,0.0,0.5,0.0,27,0.0,0.3983562441813961,0.0,-0.1642910987725599,0.055027584020395245,B+
2013,CIN,full,10,0,132,0.0,0.1,0.0,46,0.0,-0.5965893787998701,0.0,0.8762191934536528,0.012115003258073909,B+
2013,CLE,full,5,0,33,0.0,0.0,0.0,15,0.0,-0.8453257845451866,0.0,-0.8214554938627995,-0.29228348098845724,B-
2013,DAL,full,7,0,127,0.0,0.7142857142857143,0.0,46,0.0,0.9313628279213602,0.0,0.8762191934536528,0.31770544460232,A-
2013,DEN,full,7,0,48,0.0,0.0,0.0,51,0.0,-0.8453257845451866,0.0,1.1500376914079193,0.0034404968021505555,B+
2013,DET,full,9,0,218,0.0,1.1111111111111112,0.0,43,0.0,1.9184120570694418,0.0,0.7119280946810929,0.4904716256160523,A-
2013,GNB,full,11,0,247,0.0,0.45454545454545453,0.0,0,0.0,0.28529424156988853,0.0,-1.642910987725599,-0.18937779984486214,B
2013,HOU,full,9,0,160,0.0,0.5555555555555556,0.0,33,0.0,0.5365431362621276,0.0,0.1642910987725599,0.1319522920683095,B+
2013,IND,full,7,0,38,0.0,0.0,0.0,42,0.0,-0.8453257845451866,0.0,0.6571643950902396,-0.0704904976455014,B
2013,JAX,full,8,0,88,0.0,0.0,0.0,25,0.0,-0.8453257845451866,0.0,-0.2738184979542665,-0.2101379316021773,B
2013,KAN,full,7,0,182,0.0,0.5416666666666666,0.0,0,0.0,0.5019964132419446,0.0,-1.642910987725599,-0.14603736551045093,B
2013,MIA,full,9,0,84,0.0,0.0,0.0,38,0.0,-0.8453257845451866,0.0,0.4381095967268264,-0.10334871740001338,B
2013,MIN,full,9,0,134,0.0,0.7777777777777778,0.0,44,0.0,1.089290704585053,0.0,0.7666917942719462,0.3328619100578025,A-
2013,NOR,full,5,0,168,0.0,1.0,0.0,0,0.0,1.6420382729079788,0.0,-1.642910987725599,0.08197100642275593,B+
2013,NWE,full,7,0,138,0.0,0.14285714285714285,0.0,0,0.0,-0.4899880620518772,0.0,-1.642910987725599,-0.3444342605692153,B-
2013,NYG,full,7,0,102,0.0,0.0,0.0,33,0.0,-0.8453257845451866,0.0,0.1642910987725599,-0.14442149209315336,B
2013,NYJ,full,7,0,177,0.0,0.42857142857142855,0.0,32,0.0,0.22068738293474136,0.0,0.1095273991817066,0.060566586464204264,B+
2013,OAK,full,10,0,127,0.0,0.1,0.0,32,0.0,-0.5965893787998701,0.0,0.1095273991817066,-0.10288876588271803,B
2013,PHI,full,8,0,241,0.0,1.25,0.0,47,0.0,2.26387928727127,0.0,0.9309828930445061,0.59242329141093,A-
2013,PIT,full,8,0,158,0.0,0.12,0.0,53,0.0,-0.5468420976508067,0.0,1.2595650905896258,0.07956634405828253,B+
2013,SDG,full,6,0,152,0.0,1.0,0.0,0,0.0,1.6420382729079788,0.0,-1.642910987725599,0.08197100642275593,B+
2013,SEA,full,11,0,55,0.0,0.0,0.0,54,0.0,-0.8453257845451866,0.0,1.3143287901804792,0.028084161618034537,B+
2013,SFO,full,11,0,95,0.0,0.09090909090909091,0.0,0,0.0,-0.6192017793221716,0.0,-1.642910987725599,-0.3702770040232741,B-
2013,STL,full,7,0,121,0.0,0.0,0.0,20,0.0,-0.8453257845451866,0.0,-0.547636995908533,-0.2512107062953173,B-
2013,TAM,full,6,0,102,0.0,0.0,0.0,0,0.0,-0.8453257845451866,0.0,-1.642910987725599,-0.41550180506787715,B-
2013,TEN,full,8,0,66,0.0,0.0,0.0,30,0.0,-0.8453257845451866,0.0,0.0,-0.16906515690903734,B
2013,WAS,full,7,0,75,0.0,0.14285714285714285,0.0,31,0.0,-0.4899880620518772,0.0,0.0547636995908533,-0.08978305747174746,B
2014,ARI,full,7,0,102,0.0,0.0,0.0,42,0.0,-0.8625235667858834,0.0,0.6891356297215306,-0.06913436889894709,B
2014,ATL,full,9,0,160,0.0,0.3333333333333333,0.0,42,0.0,-0.13371997914360537,0.0,0.6891356297215306,0.07662634862950853,B+
2014,BAL,full,9,0,156,0.0,0.5555555555555556,0.0,42,0.0,0.3521490792845801,0.0,0.6891356297215306,0.1738001603151456,B+
2014,BUF,full,7,0,121,0.0,0.0,0.0,39,0.0,-0.8625235667858834,0.0,0.5212244102969953,-0.09432105181262739,B
2014,CAR,full,6,0,123,0.0,0.8333333333333334,0.0,46,0.0,0.9594854023198118,0.0,0.9130172556209112,0.32884966880709904,A-
2014,CHI,full,8,0,135,0.0,0.375,0.0,31,0.0,-0.04261953068832056,0.0,0.07346115849823423,0.0024952676370710216,B+
2014,CIN,full,7,0,83,0.0,0.0,0.0,41,0.0,-0.8625235667858834,0.0,0.6331652232466856,-0.07752992987017385,B
2014,CLE,full,6,0,152,0.0,1.1666666666666667,0.0,18,0.0,1.6882889899620899,0.0,-0.6541541256747525,0.23953467914120513,B+
2014,DAL,full,9,0,243,0.0,1.5555555555555556,0.0,48,0.0,2.538559842211414,0.0,1.0249580685706015,0.661455678727873,A-
2014,DEN,full,6,0,114,0.0,0.0,0.0,44,0.0,-0.8625235667858834,0.0,0.8010764426712209,-0.05234324695649355,B
2014,DET,full,8,0,151,0.0,0.25,0.0,42,0.0,-0.31592087605417485,0.0,0.6891356297215306,0.040186169247394626,B+
2014,GNB,full,9,0,212,0.0,0.8888888888888888,0.0,0,0.0,1.0809526669268579,0.0,-1.6616214422219648,-0.03305268294792313,B
2014,HOU,full,10,0,132,0.0,0.3,0.0,42,0.0,-0.20660033790783314,0.0,0.6891356297215306,0.062050276876662966,B+
2014,IND,full,5,0,47,0.0,0.0,0.0,41,0.0,-0.8625235667858834,0.0,0.6331652232466856,-0.07752992987017385,B
2014,JAX,full,9,0,215,0.0,0.2222222222222222,0.0,26,0.0,-0.37665450835769804,0.0,-0.20639087387599142,-0.10628953275293831,B
2014,KAN,full,6,0,108,0.0,0.16666666666666666,0.0,0,0.0,-0.49812177296474436,0.0,-1.6616214422219648,-0.3488675709262436,B-
2014,MIA,full,8,0,132,0.0,0.625,0.0,37,0.0,0.503983160043388,0.0,0.409283597347305,0.16218917161077334,B+
2014,MIN,full,10,0,179,0.0,0.5,0.0,47,0.0,0.2306818146775337,0.0,0.9689876620957564,0.1914845122498702,B+
2014,NOR,full,6,0,74,0.0,0.0,0.0,0,0.0,-0.8625235667858834,0.0,-1.6616214422219648,-0.42174792969047137,B-
2014,NWE,full,8,0,145,0.0,0.0,0.0,0,0.0,-0.8625235667858834,0.0,-1.6616214422219648,-0.42174792969047137,B-
2014,NYG,full,7,0,140,0.0,0.42857142857142855,0.0,31,0.0,0.07450961732561692,0.0,0.07346115849823423,0.02592109723985852,B+
2014,NYJ,full,11,0,56,0.0,0.0,0.0,28,0.0,-0.8625235667858834,0.0,-0.09445006092630116,-0.18667222249612186,B
2014,OAK,full,8,0,337,0.0,1.625,0.0,32,0.0,2.6903939229702223,0.0,0.12943156497307937,0.5574935193400063,A-
2014,PHI,full,7,0,56,0.0,0.0,0.0,46,0.0,-0.8625235667858834,0.0,0.9130172556209112,-0.03555212501404001,B
2014,PIT,full,9,0,101,0.0,0.2222222222222222,0.0,54,0.0,-0.37665450835769804,0.0,1.3607805074196722,0.12878617444141122,B+
2014,SDG,full,6,0,40,0.0,0.16666666666666666,0.0,0,0.0,-0.49812177296474436,0.0,-1.6616214422219648,-0.3488675709262436,B-
2014,SEA,full,9,0,86,0.0,0.0,0.0,51,0.0,-0.8625235667858834,0.0,1.1928692879951368,0.006425679842093829,B+
2014,SFO,full,12,0,126,0.0,0.0,0.0,0,0.0,-0.8625235667858834,0.0,-1.6616214422219648,-0.42174792969047137,B-
2014,STL,full,11,0,210,0.0,0.9090909090909091,0.0,13,0.0,1.1251225813294203,0.0,-0.9340061580489781,0.08492359255853735,B+
2014,TAM,full,6,0,118,0.0,1.0,0.0,0,0.0,1.3238871961409509,0.0,-1.6616214422219648,0.015534222894895477,B+
2014,TEN,full,6,0,157,0.0,0.5,0.0,32,0.0,0.2306818146775337,0.0,0.12943156497307937,0.06555109768146865,B+
2014,WAS,full,8,0,164,0.0,0.0,0.0,35,0.0,-0.8625235667858834,0.0,0.29734278439761475,-0.12790329569753447,B
2015,ARI,full,7,0,150,0.0,0.2857142857142857,0.0,36,0.0,0.1628896224142589,0.0,0.403902442295888,0.09316329082723498,B+
2015,ATL,full,7,0,138,0.0,0.42857142857142855,0.0,43,0.0,0.7086025434321915,0.0,0.8024669668521828,0.2620905537142657,A-
2015,BAL,full,9,0,149,0.0,0.4444444444444444,0.0,46,0.0,0.769237312434184,0.0,0.9732803345191663,0.29983951266471176,A-
2015,BUF,full,6,0,76,0.0,0.0,0.0,40,0.0,-0.9285362196216064,0.0,0.6316535991851994,-0.09095920404654138,B
2015,CAR,full,5,0,125,0.0,0.0,0.0,44,0.0,-0.9285362196216064,0.0,0.8594047560745106,-0.056796530513144705,B
2015,CHI,full,6,0,92,0.0,0.0,0.0,34,0.0,-0.9285362196216064,0.0,0.2900268638512324,-0.1422032143466364,B
2015,CIN,full,9,0,60,0.0,0.0,0.0,33,0.0,-0.9285362196216064,0.0,0.23308907462890455,-0.1507438827299856,B
2015,CLE,full,12,0,117,0.0,0.0,0.0,17,0.0,-0.9285362196216064,0.0,-0.6779155529283407,-0.2873945768635724,B-
2015,DAL,full,8,0,106,0.0,0.125,0.0,44,0.0,-0.45103741373091527,0.0,0.8594047560745106,0.03870323066499351,B+
2015,DEN,full,8,0,76,0.0,0.0,0.0,39,0.0,-0.9285362196216064,0.0,0.5747158099628715,-0.09949987242989056,B
2015,DET,full,7,0,129,0.0,0.5714285714285714,0.0,34,0.0,1.2543154644501242,0.0,0.2900268638512324,0.2943671224677097,A-
2015,GNB,full,8,0,71,0.0,0.0,0.0,0,0.0,-0.9285362196216064,0.0,-1.6458579697079136,-0.4325859393805083,B-
2015,HOU,full,7,0,79,0.0,0.14285714285714285,0.0,43,0.0,-0.3828232986036737,0.0,0.8024669668521828,0.04380538530709267,B+
2015,IND,full,8,0,84,0.0,0.0,0.0,37,0.0,-0.9285362196216064,0.0,0.46084023151821585,-0.1165812091965889,B
2015,JAX,full,8,0,97,0.0,0.0,0.0,29,0.0,-0.9285362196216064,0.0,0.005337917739593234,-0.1849065562633823,B
2015,KAN,full,9,0,236,0.0,0.5555555555555556,0.0,0,0.0,1.1936806954481318,0.0,-1.6458579697079136,-0.008142556366560666,B
2015,MIA,full,7,0,128,0.0,0.14285714285714285,0.0,34,0.0,-0.3828232986036737,0.0,0.2900268638512324,-0.033060630143049885,B
2015,MIN,full,10,0,281,0.0,1.0,0.0,50,0.0,2.8914542275039223,0.0,1.2010314914084776,0.7584455692120561,A
2015,NOR,full,9,0,121,0.0,0.3333333333333333,0.0,0,0.0,0.34479392942023646,0.0,-1.6458579697079136,-0.17791990957213977,B
2015,NWE,full,11,0,174,0.0,0.0,0.0,0,0.0,-0.9285362196216064,0.0,-1.6458579697079136,-0.4325859393805083,B-
2015,NYG,full,6,0,108,0.0,0.5,0.0,29,0.0,0.981459003941158,0.0,0.005337917739593234,0.1970924884491706,B+
2015,NYJ,full,6,0,90,0.0,0.5,0.0,31,0.0,0.981459003941158,0.0,0.11921349618424888,0.21417382521586895,B+
2015,OAK,full,10,0,130,0.0,0.5,0.0,36,0.0,0.981459003941158,0.0,0.403902442295888,0.2568771671326148,A-
2015,PHI,full,6,0,116,0.0,0.0,0.0,45,0.0,-0.9285362196216064,0.0,0.9163425452968385,-0.04825586212979552,B
2015,PIT,full,8,0,76,0.0,0.0,0.0,51,0.0,-0.9285362196216064,0.0,1.2579692806308054,0.0029881481702995205,B+
2015,SDG,full,5,0,130,0.0,0.6,0.0,0,0.0,1.363458048653711,0.0,-1.6458579697079136,0.02581291427455515,B+
2015,SEA,full,8,0,162,0.0,0.5,0.0,50,0.0,0.981459003941158,0.0,1.2010314914084776,0.3764465244995032,A-
2015,SFO,full,10,0,159,0.0,0.1,0.0,0,0.0,-0.5465371749090534,0.0,-1.6458579697079136,-0.35618613043799774,B-
2015,STL,full,8,0,152,0.0,0.12,0.0,7,0.0,-0.47013736596654293,0.0,-1.2472934451516189,-0.2811214899660514,B-
2015,TAM,full,7,0,209,0.0,0.42857142857142855,0.0,0,0.0,0.7086025434321915,0.0,-1.6458579697079136,-0.10515818676974872,B
2015,TEN,full,9,0,100,0.0,0.0,0.0,39,0.0,-0.9285362196216064,0.0,0.5747158099628715,-0.09949987242989056,B
2015,WAS,full,10,0,192,0.0,0.5,0.0,34,0.0,0.981459003941158,0.0,0.2900268638512324,0.23979583036591645,B+
2016,ARI,full,6,0,32,0.0,0.0,0.0,31,0.0,-0.8993950348357256,0.0,0.17662768903692083,-0.153384853611607,B
2016,ATL,full,6,0,179,0.0,0.6666666666666666,0.0,39,0.0,0.6290309164333154,0.0,0.6243176731305023,0.21945383425623843,B+
2016,BAL,full,11,0,194,0.0,0.5454545454545454,0.0,52,0.0,0.3511352889298534,0.0,1.3518138972825722,0.27299914237835654,A-
2016,BUF,full,7,0,66,0.0,0.0,0.0,45,0.0,-0.8993950348357256,0.0,0.9600851612006884,-0.035866232787041874,B
2016,CAR,full,5,0,82,0.0,0.2,0.0,34,0.0,-0.4408672494550132,0.0,0.3445114330720139,-0.036496734930200565,B
2016,CHI,full,9,0,202,0.0,0.2222222222222222,0.0,36,0.0,-0.3899197177460452,0.0,0.45643392909540925,-0.009518854184897674,B
2016,CIN,full,7,0,140,0.0,0.0,0.0,25,0.0,-0.8993950348357256,0.0,-0.1591397990332653,-0.20374997682213492,B
2016,CLE,full,14,0,156,0.0,0.07142857142857142,0.0,25,0.0,-0.7356351114854712,0.0,-0.1591397990332653,-0.17099799215208406,B
2016,DAL,full,9,0,287,0.0,0.8888888888888888,0.0,46,0.0,1.1385062335229958,0.0,1.0160464092123862,0.38010820808645707,A-
2016,DEN,full,8,0,169,0.0,0.25,0.0,32,0.0,-0.3262353031098352,0.0,0.23258893704861852,-0.030358720064674265,B
2016,DET,full,10,0,191,0.0,0.3,0.0,32,0.0,-0.2116033567646571,0.0,0.23258893704861852,-0.007432330795638646,B
2016,GNB,full,7,0,168,0.0,0.42857142857142855,0.0,0,0.0,0.08316450526580078,0.0,-1.5581709993257076,-0.217092748845696,B
2016,HOU,full,6,0,104,0.0,0.0,0.0,38,0.0,-0.8993950348357256,0.0,0.5683564251188047,-0.09462554319932442,B
2016,IND,full,8,0,156,0.0,0.5,0.0,40,0.0,0.24692442861605524,0.0,0.6802789211422,0.15142672389454104,B+
2016,JAX,full,7,0,192,0.0,1.2857142857142858,0.0,25,0.0,2.048283585468854,0.0,-0.1591397990332653,0.385785747238781,A-
2016,KAN,full,9,0,256,0.0,1.6666666666666667,0.0,0,0.0,2.921669843336877,0.0,-1.5581709993257076,0.3506083187685193,A-
2016,LAR,full,6,0,147,0.0,1.0,0.0,0,0.0,1.393243892067836,0.0,-1.5581709993257076,0.044923128514711086,B+
2016,MIA,full,8,0,171,0.0,1.25,0.0,38,0.0,1.9664036237937264,0.0,0.5683564251188047,0.47853418852656604,A-
2016,MIN,full,8,0,55,0.0,0.0,0.0,46,0.0,-0.8993950348357256,0.0,1.0160464092123862,-0.027472045585287208,B
2016,NOR,full,5,0,186,0.0,0.6,0.0,0,0.0,0.47618832130641137,0.0,-1.5581709993257076,-0.13848798563757386,B
2016,NWE,full,9,0,260,0.0,0.4444444444444444,0.0,0,0.0,0.11955559934363509,0.0,-1.5581709993257076,-0.20981453003012912,B
2016,NYG,full,6,0,99,0.0,0.0,0.0,29,0.0,-0.8993950348357256,0.0,0.06470519301352545,-0.1701732280151163,B
2016,NYJ,full,7,0,102,0.0,0.0,0.0,23,0.0,-0.8993950348357256,0.0,-0.2710622950566607,-0.22053835122564422,B
2016,OAK,full,7,0,71,0.0,0.0,0.0,29,0.0,-0.8993950348357256,0.0,0.06470519301352545,-0.1701732280151163,B
2016,PHI,full,8,0,179,0.0,0.25,0.0,42,0.0,-0.3262353031098352,0.0,0.7922014171655953,0.05358315195287225,B+
2016,PIT,full,7,0,105,0.0,0.2857142857142857,0.0,53,0.0,-0.244355341434708,0.0,1.40777514529427,0.1622952035071989,B+
2016,SDG,full,8,0,120,0.0,0.625,0.0,0,0.0,0.5335042944790004,0.0,-1.5581709993257076,-0.12702479100305605,B
2016,SEA,full,10,0,155,0.0,0.0,0.0,52,0.0,-0.8993950348357256,0.0,1.3518138972825722,0.022893077625240704,B+
2016,SFO,full,11,0,109,0.0,0.2727272727272727,0.0,0,0.0,-0.27412987295293606,0.0,-1.5581709993257076,-0.2885516244894434,B-
2016,TAM,full,7,0,48,0.0,0.0,0.0,0,0.0,-0.8993950348357256,0.0,-1.5581709993257076,-0.41360465686600123,B-
2016,TEN,full,10,0,261,0.0,0.8,0.0,47,0.0,0.9347161066871238,0.0,1.0720076572240838,0.3477443699210373,A-
2016,WAS,full,7,0,74,0.0,0.0,0.0,32,0.0,-0.8993950348357256,0.0,0.23258893704861852,-0.14499066640985234,B
2017,ARI,full,7,0,127,0.0,1.4285714285714286,0.0,35,0.0,2.004624876231922,0.0,0.3666758427662852,0.45592635166132717,A-
2017,ATL,full,6,0,73,0.0,0.0,0.0,35,0.0,-0.8477961688385464,0.0,0.3666758427662852,-0.11455785735276652,B
2017,BAL,full,7,0,163,0.0,0.5714285714285714,0.0,52,0.0,0.29317224918964085,0.0,1.3397083230826712,0.2595906983003289,A-
2017,BUF,full,6,0,218,0.0,1.3333333333333333,0.0,49,0.0,1.814463473227224,0.0,1.1679967089091914,0.5380922009818235,A-
2017,CAR,full,7,0,193,0.0,0.5714285714285714,0.0,33,0.0,0.29317224918964085,0.0,0.2522014333172986,0.09646466483552296,B+
2017,CHI,full,5,0,110,0.0,0.8,0.0,39,0.0,0.749559616400916,0.0,0.5956246616642583,0.2392556225298219,B+
2017,CIN,full,11,0,134,0.0,0.2727272727272727,0.0,29,0.0,-0.3032430602341843,0.0,0.023252614419325402,-0.057160719883938046,B
2017,CLE,full,10,0,234,0.0,0.8,0.0,32,0.0,0.749559616400916,0.0,0.1949642285928053,0.17915655756910398,B+
2017,DAL,full,8,0,123,0.0,0.0,0.0,45,0.0,-0.8477961688385464,0.0,0.9390478900112181,-0.02870205026602657,B
2017,DEN,full,8,0,97,0.0,0.125,0.0,30,0.0,-0.5982093273948804,0.0,0.0804898191438187,-0.1075683926074033,B
2017,DET,full,9,0,102,0.0,0.3333333333333333,0.0,26,0.0,-0.18223125832210382,0.0,-0.1484589997541545,-0.05871510162754394,B
2017,GNB,full,10,0,147,0.0,0.1,0.0,0,0.0,-0.6481266956836136,0.0,-1.6366263225909803,-0.3751192875253697,B-
2017,HOU,full,7,0,155,0.0,0.42857142857142855,0.0,33,0.0,0.007930144682594047,0.0,0.2522014333172986,0.0394162439341136,B+
2017,IND,full,8,0,152,0.0,0.0,0.0,41,0.0,-0.8477961688385464,0.0,0.710099071113245,-0.06304437310072254,B
2017,JAX,full,7,0,115,0.0,0.0,0.0,25,0.0,-0.8477961688385464,0.0,-0.20569620447864778,-0.20041366443950645,B
2017,KAN,full,6,0,190,0.0,1.1666666666666667,0.0,0,0.0,1.481681017969003,0.0,-1.6366263225909803,0.050842255205153564,B+
2017,LAC,full,7,0,173,0.0,0.0,0.0,42,0.0,-0.8477961688385464,0.0,0.7673362758377382,-0.054458792392048566,B
2017,LAR,full,8,0,182,0.0,0.125,0.0,0,0.0,-0.5982093273948804,0.0,-1.6366263225909803,-0.3651358138676231,B-
2017,MIA,full,7,0,94,0.0,0.0,0.0,37,0.0,-0.8477961688385464,0.0,0.48115025221527175,-0.09738669593541853,B
2017,MIN,full,11,0,132,0.0,0.36363636363636365,0.0,46,0.0,-0.12172535736606353,0.0,0.9962850947357115,0.125097692737144,B+
2017,NOR,full,7,0,330,0.0,1.8571428571428572,0.0,0,0.0,2.8603511897530627,0.0,-1.6366263225909803,0.3265762895619655,A-
2017,NWE,full,4,0,50,0.0,0.0,0.0,0,0.0,-0.8477961688385464,0.0,-1.6366263225909803,-0.41505318215635634,B-
2017,NYG,full,6,0,104,0.0,0.3333333333333333,0.0,22,0.0,-0.18223125832210382,0.0,-0.3774078186521277,-0.09305742446223991,B
2017,NYJ,full,9,0,87,0.0,0.3333333333333333,0.0,22,0.0,-0.18223125832210382,0.0,-0.3774078186521277,-0.09305742446223991,B
2017,OAK,full,9,0,33,0.0,0.0,0.0,17,0.0,-0.8477961688385464,0.0,-0.6635938422745942,-0.2690983101088984,B-
2017,PHI,full,8,0,110,0.0,0.0,0.0,44,0.0,-0.8477961688385464,0.0,0.8818106852867248,-0.037287630974700586,B
2017,PIT,full,8,0,219,0.0,1.375,0.0,51,0.0,1.8976590870417795,0.0,1.2824711183581778,0.5719024851620826,A-
2017,SEA,full,11,0,131,0.0,0.09090909090909091,0.0,49,0.0,-0.6662784659704257,0.0,1.1679967089091914,0.04194381314229356,B+
2017,SFO,full,10,0,180,0.0,0.7,0.0,0,0.0,0.549890143245983,0.0,-1.6366263225909803,-0.13551591973945043,B
2017,TAM,full,6,0,90,0.0,0.16666666666666666,0.0,0,0.0,-0.5150137135803251,0.0,-1.6366263225909803,-0.34849669110471204,B-
2017,TEN,full,9,0,129,0.0,0.1111111111111111,0.0,50,0.0,-0.6259411986663989,0.0,1.2252339136336847,0.05859684731177292,B+
2017,WAS,full,10,0,151,0.0,0.2,0.0,31,0.0,-0.4484572225286808,0.0,0.13772702386831198,-0.06903239092548938,B
2018,ARI,full,6,0,95,0.0,0.0,0.0,31,0.0,-0.9083598784350303,0.0,0.12316082177847525,-0.1631978524202348,B
2018,ATL,full,6,0,133,0.0,0.0,0.0,32,0.0,-0.9083598784350303,0.0,0.17946291173434964,-0.15475253892685364,B
2018,BAL,full,12,0,381,0.0,0.9166666666666666,0.0,53,0.0,1.6376165521684773,0.0,1.361806800807712,0.5317943305548523,A-
2018,BUF,full,8,0,304,0.0,1.125,0.0,53,0.0,2.21624755912382,0.0,1.361806800807712,0.6475205319459209,A-
2018,CAR,full,8,0,132,0.0,0.0,0.0,29,0.0,-0.9083598784350303,0.0,0.01055664186672645,-0.1800884794069971,B
2018,CHI,full,7,0,169,0.0,0.5714285714285714,0.0,37,0.0,0.6787423120710523,0.0,0.46097336151372165,0.2048944666412687,B+
2018,CIN,full,11,0,138,0.0,0.09090909090909091,0.0,34,0.0,-0.6558663481272444,0.0,0.29206709164609845,-0.08736320587853413,B
2018,CLE,full,9,0,233,0.0,1.2222222222222223,0.0,39,0.0,2.4862753623696467,0.0,0.5735775414254705,0.58329170368775,A-
2018,DAL,full,9,0,169,0.0,0.1111111111111111,0.0,48,0.0,-0.5997566747255143,0.0,1.08029635102834,0.042093117709148156,B+
2018,DEN,full,10,0,155,0.0,0.4,0.0,30,0.0,0.20261165491922764,0.0,0.06685873182260085,0.05055114075723566,B+
2018,DET,full,6,0,102,0.0,0.6666666666666666,0.0,26,0.0,0.9432593438220661,0.0,-0.15834962800089675,0.16489942456427872,B+
2018,GNB,full,11,0,111,0.0,0.18181818181818182,0.0,0,0.0,-0.40337281781945855,0.0,-1.6222039668536312,-0.32400515859193635,B-
2018,HOU,full,8,0,70,0.0,0.0,0.0,32,0.0,-0.9083598784350303,0.0,0.17946291173434964,-0.15475253892685364,B
2018,IND,full,11,0,290,0.0,1.0909090909090908,0.0,41,0.0,2.1215624852584,0.0,0.6861817213372192,0.527239755252263,A-
2018,JAX,full,7,0,94,0.0,0.2857142857142857,0.0,24,0.0,-0.114808783181989,0.0,-0.27095380791264556,-0.06360482782329463,B
2018,KAN,full,6,0,58,0.0,0.0,0.0,0,0.0,-0.9083598784350303,0.0,-1.6222039668536312,-0.42500257071505076,B-
2018,LAC,full,7,0,161,0.0,0.7142857142857143,0.0,43,0.0,1.0755178596975732,0.0,0.798785901248968,0.33492145712685983,A-
2018,LAR,full,11,0,136,0.0,0.0,0.0,0,0.0,-0.9083598784350303,0.0,-1.6222039668536312,-0.42500257071505076,B-
2018,MIA,full,8,0,170,0.0,0.625,0.0,40,0.0,0.8275331424309977,0.0,0.6298796313813448,0.2599885731934013,A-
2018,MIN,full,8,0,134,0.0,0.25,0.0,46,0.0,-0.21400267008861915,0.0,0.9676921711165912,0.10235329164976487,B+
2018,NOR,full,7,0,61,0.0,0.0,0.0,0,0.0,-0.9083598784350303,0.0,-1.6222039668536312,-0.42500257071505076,B-
2018,NWE,full,9,0,103,0.0,0.0,0.0,0,0.0,-0.9083598784350303,0.0,-1.6222039668536312,-0.42500257071505076,B-
2018,NYG,full,6,0,171,0.0,0.5,0.0,28,0.0,0.48035453825779206,0.0,-0.04574544808914795,0.08920909043818623,B+
2018,NYJ,full,6,0,111,0.0,0.3333333333333333,0.0,24,0.0,0.017449732693517885,0.0,-0.27095380791264556,-0.03715312464819326,B
2018,OAK,full,9,0,108,0.0,0.0,0.0,11,0.0,-0.9083598784350303,0.0,-1.0028809773390128,-0.332104122287858,B-
2018,PHI,full,5,0,152,0.0,0.2,0.0,45,0.0,-0.35287411175790134,0.0,0.9113900811607168,0.06613368982252724,B+
2018,PIT,full,7,0,87,0.0,0.0,0.0,47,0.0,-0.9083598784350303,0.0,1.0239942610724657,-0.028072836526136236,B
2018,SEA,full,9,0,113,0.0,0.1111111111111111,0.0,49,0.0,-0.5997566747255143,0.0,1.1365984409842145,0.05053843120252931,B+
2018,SFO,full,9,0,213,0.0,0.4444444444444444,0.0,0,0.0,0.32605293640303395,0.0,-1.6222039668536312,-0.17812000774743786,B
2018,TAM,full,8,0,199,0.0,0.25,0.0,0,0.0,-0.21400267008861915,0.0,-1.6222039668536312,-0.2861311290457685,B-
2018,TEN,full,4,0,82,0.0,0.25,0.0,48,0.0,-0.21400267008861915,0.0,1.08029635102834,0.1192439186365272,B+
2018,WAS,full,8,0,107,0.0,0.125,0.0,32,0.0,-0.5611812742618247,0.0,0.17946291173434964,-0.0853168180922125,B
2019,ARI,full,11,0,183,0.0,0.36363636363636365,0.0,32,0.0,0.3204426357344415,0.0,0.157419819819758,0.087701500119852,B+
2019,ATL,full,7,0,106,0.0,0.5714285714285714,0.0,32,0.0,1.0277788267067802,0.0,0.157419819819758,0.22916873831431975,B+
2019,BAL,full,8,0,98,0.0,0.0,0.0,56,0.0,-0.9173956984671517,0.0,1.4715330983151291,0.037250825053839004,B+
2019,BUF,full,8,0,139,0.0,0.125,0.0,58,0.0,-0.4918887710853541,0.0,1.5810425381897435,0.13877862651139067,B+
2019,CAR,full,7,0,77,0.0,0.42857142857142855,0.0,24,0.0,0.5414851954132973,0.0,-0.280617939678699,0.06620434813085463,B+
2019,CHI,full,5,0,57,0.0,0.0,0.0,32,0.0,-0.9173956984671517,0.0,0.157419819819758,-0.15986616672046666,B
2019,CIN,full,10,0,115,0.0,0.0,0.0,37,0.0,-0.9173956984671517,0.0,0.43119341950629364,-0.11880012676748632,B
2019,CLE,full,7,0,63,0.0,0.0,0.0,43,0.0,-0.9173956984671517,0.0,0.7597217391301364,-0.06952087882390989,B
2019,DAL,full,8,0,129,0.0,0.25,0.0,50,0.0,-0.06638184370355643,0.0,1.1430047786912862,0.15817434806298164,B+
2019,DEN,full,6,0,112,0.0,0.0,0.0,32,0.0,-0.9173956984671517,0.0,0.157419819819758,-0.15986616672046666,B
2019,DET,full,9,0,124,0.0,0.2222222222222222,0.0,32,0.0,-0.16093893867728928,0.0,0.157419819819758,-0.008574814762494158,B
2019,GNB,full,8,0,128,0.0,0.375,0.0,0,0.0,0.35912508367824125,0.0,-1.5947312181740703,-0.16738466599046228,B
2019,HOU,full,7,0,78,0.0,0.0,0.0,31,0.0,-0.9173956984671517,0.0,0.10266509988245087,-0.1680793747110627,B
2019,IND,full,10,0,103,0.0,0.0,0.0,40,0.0,-0.9173956984671517,0.0,0.5954575793182151,-0.0941605027956981,B
2019,JAX,full,7,0,169,0.0,0.42857142857142855,0.0,28,0.0,0.5414851954132973,0.0,-0.06159905992947052,0.0990571800932389,B+
2019,KAN,full,6,0,93,0.0,0.16666666666666666,0.0,0,0.0,-0.3500531286247549,0.0,-1.5947312181740703,-0.3092203084510615,B-
2019,LAC,full,7,0,111,0.0,0.0,0.0,36,0.0,-0.9173956984671517,0.0,0.3764386995689865,-0.12701333475808238,B
2019,LAR,full,8,0,128,0.0,0.0,0.0,0,0.0,-0.9173956984671517,0.0,-1.5947312181740703,-0.42268882241954087,B-
2019,MIA,full,6,0,113,0.0,0.16666666666666666,0.0,44,0.0,-0.3500531286247549,0.0,0.8144764590674436,0.05216084313516556,B+
2019,MIN,full,12,0,126,0.0,0.0,0.0,45,0.0,-0.9173956984671517,0.0,0.8692311790047507,-0.053094462842717766,B
2019,NOR,full,5,0,91,0.0,0.4,0.0,0,0.0,0.44422646915460084,0.0,-1.5947312181740703,-0.15036438889519038,B
2019,NWE,full,10,0,99,0.0,0.1,0.0,0,0.0,-0.5769901565617136,0.0,-1.5947312181740703,-0.35460771403845326,B-
2019,NYG,full,10,0,189,0.0,0.4,0.0,29,0.0,0.44422646915460084,0.0,-0.006844339992163391,0.08781864283209566,B+
2019,NYJ,full,6,0,101,0.0,0.6666666666666666,0.0,27,0.0,1.3519745809024357,0.0,-0.11635377986677765,0.2529418492004705,A-
2019,OAK,full,9,0,206,0.0,1.0,0.0,7,0.0,2.4866597205872294,0.0,-1.2114481786129203,0.31561471732550783,A-
2019,PHI,full,5,0,48,0.0,0.2,0.0,47,0.0,-0.23658461465627548,0.0,0.9787406188793649,0.09949416990064965,B+
2019,PIT,full,9,0,98,0.0,0.1111111111111111,0.0,48,0.0,-0.5391673185722206,0.0,1.033495338816672,0.0471908371080567,B+
2019,SEA,full,11,0,127,0.0,0.18181818181818182,0.0,48,0.0,-0.29847653136635516,0.0,1.033495338816672,0.09532899454922979,B+
2019,SFO,full,8,0,170,0.0,0.75,0.0,0,0.0,1.6356458658236344,0.0,-1.5947312181740703,0.08791949043861635,B+
2019,TAM,full,8,0,165,0.0,0.25,0.0,0,0.0,-0.06638184370355643,0.0,-1.5947312181740703,-0.25248605146682185,B-
2019,TEN,full,6,0,209,0.0,1.1666666666666667,0.0,45,0.0,3.0540022904296267,0.0,0.8692311790047507,0.7411851349366381,A-
2019,WAS,full,10,0,143,0.0,0.3,0.0,29,0.0,0.1038209272491626,0.0,-0.006844339992163391,0.019737534451008013,B+
2020,ARI,full,6,0,58,0.0,0.0,0.0,35,0.0,-0.7016803997541068,0.0,0.25373093281758546,-0.10227644002818355,B
2020,ATL,full,6,0,81,0.0,0.0,0.0,33,0.0,-0.7016803997541068,0.0,0.1502992149811175,-0.11779119770365375,B
2020,BAL,full,10,0,218,0.0,0.6,0.0,54,0.0,1.4016417016957687,0.0,1.2363322522640312,0.46577817817875844,A-
2020,BUF,full,7,0,96,0.0,0.0,0.0,61,0.0,-0.7016803997541068,0.0,1.598343264691669,0.09941540975292898,B+
2020,CAR,full,7,0,109,0.0,0.14285714285714285,0.0,24,0.0,-0.20088942321842215,0.0,-0.31514351528298834,-0.08744941193613268,B
2020,CHI,full,7,0,110,0.0,0.2857142857142857,0.0,29,0.0,0.2999015533172625,0.0,-0.05656422069181842,0.05149567755967974,B+
2020,CIN,full,7,0,171,0.0,0.5714285714285714,0.0,44,0.0,1.3014835063886319,0.0,0.7191736630816914,0.36817275073998007,A-
2020,CLE,full,7,0,112,0.0,0.0,0.0,40,0.0,-0.7016803997541068,0.0,0.5123102274087554,-0.06348954583950805,B
2020,DAL,full,7,0,150,0.0,1.1428571428571428,0.0,49,0.0,3.30464741253137,0.0,0.9777529576728613,0.8075924261572032,A
2020,DEN,full,10,0,93,0.0,0.1,0.0,35,0.0,-0.3511267161791275,0.0,0.25373093281758546,-0.03216570331318769,B
2020,DET,full,9,0,106,0.0,0.2222222222222222,0.0,44,0.0,0.07732778596806932,0.0,0.7191736630816914,0.12334160665586757,B+
2020,GNB,full,9,0,118,0.0,0.0,0.0,0,0.0,-0.7016803997541068,0.0,-1.556324129320604,-0.37378469934891195,B-
2020,HOU,full,5,0,53,0.0,0.2,0.0,31,0.0,-0.0005730326041482186,0.0,0.04686749714464955,0.006915518050867788,B+
2020,IND,full,9,0,149,0.0,0.3333333333333333,0.0,41,0.0,0.4668318788291574,0.0,0.5640260863269894,0.17797028871487988,B+
2020,JAX,full,12,0,100,0.0,0.0,0.0,26,0.0,-0.7016803997541068,0.0,-0.21171179744652038,-0.1720928495677994,B
2020,KAN,full,6,0,99,0.0,0.0,0.0,0,0.0,-0.7016803997541068,0.0,-1.556324129320604,-0.37378469934891195,B-
2020,LAC,full,6,0,134,0.0,0.3333333333333333,0.0,42,0.0,0.4668318788291574,0.0,0.6157419452452234,0.185727667552615,B+
2020,LAR,full,9,0,65,0.0,0.0,0.0,0,0.0,-0.7016803997541068,0.0,-1.556324129320604,-0.37378469934891195,B-
2020,LVR,full,7,0,63,0.0,0.0,0.0,0,0.0,-0.7016803997541068,0.0,-1.556324129320604,-0.37378469934891195,B-
2020,MIA,full,11,0,169,0.0,0.18181818181818182,0.0,47,0.0,-0.0643100659814172,0.0,0.8743212398363933,0.11828617277917555,B+
2020,MIN,full,15,0,213,0.0,0.26666666666666666,0.0,49,0.0,0.2331294231125046,0.0,0.9777529576728613,0.1932888282734301,B+
2020,NOR,full,4,0,79,0.0,0.5,0.0,0,0.0,1.0510880181207896,0.0,-1.556324129320604,-0.02323101577393266,B
2020,NWE,full,9,0,100,0.0,0.0,0.0,0,0.0,-0.7016803997541068,0.0,-1.556324129320604,-0.37378469934891195,B-
2020,NYG,full,10,0,117,0.0,0.1,0.0,28,0.0,-0.3511267161791275,0.0,-0.1082800796100524,-0.08646735517733337,B
2020,NYJ,full,9,0,67,0.0,0.0,0.0,25,0.0,-0.7016803997541068,0.0,-0.26342765636475435,-0.17985022840553452,B
2020,PHI,full,10,0,142,0.0,0.3,0.0,52,0.0,0.349980650970831,0.0,1.1329005344275633,0.2399312103583007,B+
2020,PIT,full,6,0,89,0.0,0.0,0.0,50,0.0,-0.7016803997541068,0.0,1.0294688165910952,0.014084242537842906,B+
2020,SEA,full,8,0,116,0.0,0.0,0.0,47,0.0,-0.7016803997541068,0.0,0.8743212398363933,-0.009187893975362377,B
2020,SFO,full,5,0,111,0.0,0.0,0.0,0,0.0,-0.7016803997541068,0.0,-1.556324129320604,-0.37378469934891195,B-
2020,TAM,full,7,0,124,0.0,1.0,0.0,0,0.0,2.803856435995686,0.0,-1.556324129320604,0.3273226678010466,A-
2020,TEN,full,5,0,30,0.0,0.0,0.0,39,0.0,-0.7016803997541068,0.0,0.46059436849052143,-0.07124692467724315,B
2020,WAS,full,8,0,120,0.0,0.125,0.0,38,0.0,-0.2634882952853827,0.0,0.40887850957228744,0.00863411737876657,B+
2021,ARI,full,7,0,54,0.0,0.0,0.0,30,0.0,-0.6365974970033317,0.0,-0.04750285619509567,-0.1344449278299307,B
2021,ATL,full,9,0,99,0.0,0.2222222222222222,0.0,37,0.0,0.14983857282047924,0.0,0.30718513672828535,0.07604548507333865,B+
2021,BAL,full,8,0,68,0.0,0.0,0.0,51,0.0,-0.6365974970033317,0.0,1.0165611225750475,0.025164668985590777,B+
2021,BUF,full,8,0,96,0.0,0.0,0.0,60,0.0,-0.6365974970033317,0.0,1.4725885420479659,0.09356878190652854,B+
2021,CAR,full,11,0,87,0.0,0.18181818181818182,0.0,27,0.0,0.006850196488877302,0.0,-0.19951199601940184,-0.028556760105134815,B
2021,CHI,full,7,0,100,0.0,0.0,0.0,32,0.0,-0.6365974970033317,0.0,0.05383657035444176,-0.11924401384750008,B
2021,CIN,full,10,0,101,0.0,0.5,0.0,46,0.0,1.132883660100243,0.0,0.7632125562012038,0.3410586154502292,A-
2021,CLE,full,8,0,71,0.0,0.125,0.0,34,0.0,-0.19422720772743804,0.0,0.1551759969039792,-0.015569042009890729,B
2021,DAL,full,11,0,142,0.0,0.5454545454545454,0.0,50,0.0,1.2937455834732952,0.0,0.9658914093002787,0.40363282808970086,A-
2021,DEN,full,10,0,166,0.0,0.5,0.0,44,0.0,1.132883660100243,0.0,0.6618731296516663,0.3258577014677986,A-
2021,DET,full,7,0,177,0.0,1.1428571428571428,0.0,48,0.0,3.407930862090553,0.0,0.8645519827507413,0.8112689698307218,A
2021,GNB,full,9,0,115,0.0,0.0,0.0,0,0.0,-0.6365974970033317,0.0,-1.5675942544381571,-0.3624586375663899,B-
2021,HOU,full,5,0,81,0.0,0.4,0.0,39,0.0,0.7789874286795282,0.0,0.40852456327782277,0.21707617022757908,B+
2021,IND,full,7,0,74,0.0,0.0,0.0,38,0.0,-0.6365974970033317,0.0,0.35785485000305406,-0.07364127190020822,B
2021,JAX,full,9,0,156,0.0,0.1111111111111111,0.0,38,0.0,-0.24337946209142625,0.0,0.35785485000305406,0.0050023350821728554,B+
2021,KAN,full,6,0,128,0.0,1.0,0.0,0,0.0,2.902364817203818,0.0,-1.5675942544381571,0.34533382527504003,A-
2021,LAC,full,9,0,84,0.0,0.2222222222222222,0.0,46,0.0,0.14983857282047924,0.0,0.7632125562012038,0.14444959799427642,B+
2021,LAR,full,9,0,80,0.0,0.1111111111111111,0.0,0,0.0,-0.24337946209142625,0.0,-1.5675942544381571,-0.2838150305840088,B-
2021,LVR,full,7,0,83,0.0,0.0,0.0,0,0.0,-0.6365974970033317,0.0,-1.5675942544381571,-0.3624586375663899,B-
2021,MIA,full,7,0,114,0.0,0.0,0.0,44,0.0,-0.6365974970033317,0.0,0.6618731296516663,-0.02803852995291639,B
2021,MIN,full,11,0,77,0.0,0.0,0.0,51,0.0,-0.6365974970033317,0.0,1.0165611225750475,0.025164668985590777,B+
2021,NOR,full,6,0,64,0.0,0.0,0.0,0,0.0,-0.6365974970033317,0.0,-1.5675942544381571,-0.3624586375663899,B-
2021,NWE,full,8,0,82,0.0,0.125,0.0,0,0.0,-0.19422720772743804,0.0,-1.5675942544381571,-0.27398457971121115,B-
2021,NYG,full,6,0,29,0.0,0.0,0.0,26,0.0,-0.6365974970033317,0.0,-0.25018170929417055,-0.1648467557947919,B
2021,NYJ,full,10,0,114,0.0,0.0,0.0,26,0.0,-0.6365974970033317,0.0,-0.25018170929417055,-0.1648467557947919,B
2021,PHI,full,9,0,135,0.0,0.3333333333333333,0.0,59,0.0,0.5430566077323847,0.0,1.4219188287731972,0.3218991458624565,A-
2021,PIT,full,9,0,108,0.0,0.1111111111111111,0.0,48,0.0,-0.24337946209142625,0.0,0.8645519827507413,0.08100690499432593,B+
2021,SEA,full,3,0,22,0.0,0.0,0.0,49,0.0,-0.6365974970033317,0.0,0.91522169602551,0.009963755003160157,B+
2021,SFO,full,8,0,114,0.0,0.125,0.0,0,0.0,-0.19422720772743804,0.0,-1.5675942544381571,-0.27398457971121115,B-
2021,TAM,full,7,0,63,0.0,0.0,0.0,0,0.0,-0.6365974970033317,0.0,-1.5675942544381571,-0.3624586375663899,B-
2021,TEN,full,8,0,44,0.0,0.0,0.0,31,0.0,-0.6365974970033317,0.0,0.003166857079673045,-0.1268444708387154,B
2021,WAS,full,10,0,82,0.0,0.0,0.0,36,0.0,-0.6365974970033317,0.0,0.25651542345351663,-0.08884218588263884,B
2022,ARI,partial,8,0,45,0.0,0.25,,19,0.0,0.6548901561499487,0.0,-0.3775763083313606,0.08746068821210078,B+
2022,ATL,partial,8,0,86,0.0,0.0,,30,0.0,-0.6829796300153237,0.0,0.28695799433183405,-0.11006144335681135,B
2022,BAL,partial,11,0,136,0.0,0.6363636363636364,,43,0.0,2.7225070984053694,0.0,1.072316715661064,0.8298222670943924,A
2022,BUF,partial,8,0,131,0.0,0.375,,49,0.0,1.323825049232585,0.0,1.4347899716591703,0.5646864771710501,A-
2022,CAR,partial,6,0,39,0.0,0.0,,22,0.0,-0.6829796300153237,0.0,-0.1963396803323075,-0.1953492682975422,B
2022,CHI,partial,11,0,70,0.0,0.0,,26,0.0,-0.6829796300153237,0.0,0.045309156999763275,-0.1527053558271768,B
2022,CIN,partial,6,0,63,0.0,0.0,,36,0.0,-0.6829796300153237,0.0,0.6494312503299402,-0.04609557465126321,B
2022,CLE,partial,9,0,41,0.0,0.0,,26,0.0,-0.6829796300153237,0.0,0.045309156999763275,-0.1527053558271768,B
2022,DAL,partial,9,0,110,0.0,0.6666666666666666,,38,0.0,2.884673133092069,0.0,0.7702556689959756,0.814674090550365,A
2022,DEN,partial,9,0,64,0.0,0.2222222222222222,,37,0.0,0.5062379576871406,0.0,0.7098434596629579,0.2443813064551433,B+
2022,DET,partial,8,0,111,0.0,0.25,,45,0.0,0.6548901561499487,0.0,1.1931411343270995,0.3646461192694761,A-
2022,GNB,partial,11,0,164,0.0,0.0,,0,0.0,-0.6829796300153237,0.0,-1.5254082856586968,-0.42989078688455207,B-
2022,HOU,partial,9,0,110,0.0,0.2222222222222222,,35,0.0,0.5062379576871406,0.0,0.5890190409969226,0.22305935021996062,B+
2022,IND,partial,8,0,85,0.0,0.0,,29,0.0,-0.6829796300153237,0.0,0.22654578499881636,-0.12072242147440271,B
2022,JAX,partial,7,0,99,0.0,0.14285714285714285,,35,0.0,0.08151739065054624,0.0,0.5890190409969226,0.12312509915252665,B+
2022,KAN,partial,10,0,149,0.0,0.0,,0,0.0,-0.6829796300153237,0.0,-1.5254082856586968,-0.42989078688455207,B-
2022,LAC,partial,8,0,69,0.0,0.0,,37,0.0,-0.6829796300153237,0.0,0.7098434596629579,-0.03543459653367184,B
2022,LAR,partial,8,0,75,0.0,0.125,,0,0.0,-0.01404473693268747,0.0,-1.5254082856586968,-0.27249434145334356,B-
2022,LVR,partial,6,0,40,0.0,0.0,,0,0.0,-0.6829796300153237,0.0,-1.5254082856586968,-0.42989078688455207,B-
2022,MIA,partial,4,0,8,0.0,0.0,,35,0.0,-0.6829796300153237,0.0,0.5890190409969226,-0.056756552768854544,B
2022,MIN,partial,10,0,63,0.0,0.0,,43,0.0,-0.6829796300153237,0.0,1.072316715661064,0.028531272171876284,B+
2022,NOR,partial,5,0,68,0.0,0.0,,0,0.0,-0.6829796300153237,0.0,-1.5254082856586968,-0.42989078688455207,B-
2022,NWE,partial,10,0,73,0.0,0.0,,0,0.0,-0.6829796300153237,0.0,-1.5254082856586968,-0.42989078688455207,B-
2022,NYG,partial,11,0,116,0.0,0.0,,22,0.0,-0.6829796300153237,0.0,-0.1963396803323075,-0.1953492682975422,B
2022,NYJ,partial,7,0,131,0.0,0.42857142857142855,,22,0.0,1.610511431982286,0.0,-0.1963396803323075,0.34429568746660133,A-
2022,PHI,partial,5,0,64,0.0,0.4,,50,0.0,1.4576120278491123,0.0,1.495202180992188,0.6068267443748832,A-
2022,PIT,partial,7,0,74,0.0,0.14285714285714285,,39,0.0,0.08151739065054624,0.0,0.8306678783289934,0.16576901162289207,B+
2022,SEA,partial,9,0,135,0.0,0.1111111111111111,,42,0.0,-0.08837083616409153,0.0,1.0119045063280465,0.15777824554869255,B+
2022,SFO,partial,9,0,84,0.0,0.1111111111111111,,0,0.0,-0.08837083616409153,0.0,-1.5254082856586968,-0.28998283539014447,B-
2022,TAM,partial,8,0,110,0.0,0.0,,0,0.0,-0.6829796300153237,0.0,-1.5254082856586968,-0.42989078688455207,B-
2022,TEN,partial,9,0,66,0.0,0.0,,19,0.0,-0.6829796300153237,0.0,-0.3775763083313606,-0.22733220265031628,B
2022,WAS,partial,8,0,66,0.0,0.0,,29,0.0,-0.6829796300153237,0.0,0.22654578499881636,-0.12072242147440271,B
2023,ARI,partial,9,0,68,0.0,0.0,,15,0.0,-0.6388622331887497,0.0,-0.3147557901458535,-0.20586566489367997,B
2023,ATL,partial,6,0,66,0.0,0.3333333333333333,,23,0.0,1.1578124715730824,0.0,0.3147557901458535,0.3279716033370524,A-
2023,BAL,partial,6,0,66,0.0,0.3333333333333333,,33,0.0,1.1578124715730824,0.0,1.1016452655104871,0.46683445193081125,A-
2023,BUF,partial,6,0,57,0.0,0.16666666666666666,,36,0.0,0.25947511919216637,0.0,1.3377121081198773,0.2971198118310763,A-
2023,CAR,partial,5,0,37,0.0,0.0,,15,0.0,-0.6388622331887497,0.0,-0.3147557901458535,-0.20586566489367997,B
2023,CHI,partial,10,0,77,0.0,0.0,,23,0.0,-0.6388622331887497,0.0,0.3147557901458535,-0.09477538601867286,B
2023,CIN,partial,8,0,70,0.0,0.0,,24,0.0,-0.6388622331887497,0.0,0.39344473768231686,-0.08088910115929697,B
2023,CLE,partial,7,0,29,0.0,0.0,,19,0.0,-0.6388622331887497,0.0,0.0,-0.1503205254561764,B
2023,DAL,partial,8,0,28,0.0,0.0,,26,0.0,-0.6388622331887497,0.0,0.5508226327552436,-0.0531165314405452,B
2023,DEN,partial,5,0,33,0.0,0.4,,32,0.0,1.5171474125254492,0.0,1.0229563179740238,0.5374975649425804,A-
2023,DET,partial,8,0,105,0.0,0.75,,36,0.0,3.4036558525253726,0.0,1.3377121081198773,1.0369270432035955,A
2023,GNB,partial,13,0,89,0.0,0.0,,0,0.0,-0.6388622331887497,0.0,-1.495090003192804,-0.41415993778431826,B-
2023,HOU,partial,9,0,123,0.0,0.3333333333333333,,32,0.0,1.1578124715730824,0.0,1.0229563179740238,0.4529481670714353,A-
2023,IND,partial,12,0,57,0.0,0.0,,25,0.0,-0.6388622331887497,0.0,0.47213368521878024,-0.06700281629992108,B
2023,JAX,partial,12,0,82,0.0,0.0,,26,0.0,-0.6388622331887497,0.0,0.5508226327552436,-0.0531165314405452,B
2023,KAN,partial,7,0,45,0.0,0.0,,0,0.0,-0.6388622331887497,0.0,-1.495090003192804,-0.41415993778431826,B-
2023,LAC,partial,7,0,72,0.0,0.14285714285714285,,27,0.0,0.13114121170917836,0.0,0.629511580291707,0.14194703457128435,B+
2023,LAR,partial,14,0,129,0.0,0.21428571428571427,,0,0.0,0.5161429341581424,0.0,-1.495090003192804,-0.14239401605563778,B
2023,LVR,partial,9,0,52,0.0,0.0,,0,0.0,-0.6388622331887497,0.0,-1.495090003192804,-0.41415993778431826,B-
2023,MIA,partial,4,0,38,0.0,0.25,,26,0.0,0.7086437953826246,0.0,0.5508226327552436,0.26394371057624877,A-
2023,MIN,partial,6,0,35,0.0,0.0,,30,0.0,-0.6388622331887497,0.0,0.8655784229010971,0.0024286079969583732,B+
2023,NOR,partial,7,0,34,0.0,0.0,,0,0.0,-0.6388622331887497,0.0,-1.495090003192804,-0.41415993778431826,B-
2023,NWE,partial,12,0,90,0.0,0.08333333333333333,,0,0.0,-0.18969355699829168,0.0,-1.495090003192804,-0.308473190445387,B-
2023,NYG,partial,7,0,37,0.0,0.0,,13,0.0,-0.6388622331887497,0.0,-0.47213368521878024,-0.23363823461243174,B
2023,NYJ,partial,7,0,36,0.0,0.0,,15,0.0,-0.6388622331887497,0.0,-0.3147557901458535,-0.20586566489367997,B
2023,PHI,partial,7,0,67,0.0,0.2857142857142857,,36,0.0,0.9011446566071065,0.0,1.3377121081198773,0.4481008794581211,A-
2023,PIT,partial,7,0,73,0.0,0.0,,30,0.0,-0.6388622331887497,0.0,0.8655784229010971,0.0024286079969583732,B+
2023,SEA,partial,10,0,109,0.0,0.5,,33,0.0,2.056149823953999,0.0,1.1016452655104871,0.6782079466086739,A-
2023,SFO,partial,9,0,34,0.0,0.0,,0,0.0,-0.6388622331887497,0.0,-1.495090003192804,-0.41415993778431826,B-
2023,TAM,partial,8,0,68,0.0,0.0,,0,0.0,-0.6388622331887497,0.0,-1.495090003192804,-0.41415993778431826,B-
2023,TEN,partial,6,0,45,0.0,0.0,,12,0.0,-0.6388622331887497,0.0,-0.5508226327552436,-0.24752451947180762,B
2023,WAS,partial,7,0,29,0.0,0.0,,21,0.0,-0.6388622331887497,0.0,0.15737789507292674,-0.12254795573742464,B
2024,ARI,too_recent,12,0,37,0.0,0.0,,11,0.0,-0.5884145342677916,0.0,-0.19535095026508165,-0.17292417575684774,B
2024,ATL,too_recent,8,0,23,0.0,0.0,,16,0.0,-0.5884145342677916,0.0,0.3627946219208659,-0.07442789831226873,B
2024,BAL,too_recent,9,0,29,0.0,0.0,,20,0.0,-0.5884145342677916,0.0,0.809311079669624,0.00436912364339446,B+
2024,BUF,too_recent,10,0,43,0.0,0.0,,25,0.0,-0.5884145342677916,0.0,1.3674566518555715,0.10286540108797342,B+
2024,CAR,too_recent,7,0,26,0.0,0.0,,13,0.0,-0.5884145342677916,0.0,0.02790727860929738,-0.13352566477901612,B
2024,CHI,too_recent,5,0,50,0.0,0.0,,16,0.0,-0.5884145342677916,0.0,0.3627946219208659,-0.07442789831226873,B
2024,CIN,too_recent,10,0,34,0.0,0.0,,15,0.0,-0.5884145342677916,0.0,0.2511655074836764,-0.09412715380118453,B
2024,CLE,too_recent,6,0,14,0.0,0.0,,8,0.0,-0.5884145342677916,0.0,-0.5302382935766502,-0.23202194222359512,B
2024,DAL,too_recent,8,0,37,0.0,0.0,,14,0.0,-0.5884145342677916,0.0,0.1395363930464869,-0.11382640929010032,B
2024,DEN,too_recent,7,0,48,0.0,0.0,,24,0.0,-0.5884145342677916,0.0,1.255827537418382,0.08316614559905762,B+
2024,DET,too_recent,6,0,17,0.0,0.0,,24,0.0,-0.5884145342677916,0.0,1.255827537418382,0.08316614559905762,B+
2024,GNB,too_recent,11,0,42,0.0,0.0,,0,0.0,-0.5884145342677916,0.0,-1.4232712090741664,-0.3896159861349215,B-
2024,HOU,too_recent,9,0,41,0.0,0.2222222222222222,,22,0.0,1.9560807490523884,0.0,1.032569308544003,0.6424724071671508,A-
2024,IND,too_recent,9,0,53,0.0,0.0,,16,0.0,-0.5884145342677916,0.0,0.3627946219208659,-0.07442789831226873,B
2024,JAX,too_recent,9,0,38,0.0,0.1111111111111111,,17,0.0,0.6838331073922983,0.0,0.47442373635805546,0.2446237434496094,B+
2024,KAN,too_recent,7,0,29,0.0,0.0,,0,0.0,-0.5884145342677916,0.0,-1.4232712090741664,-0.3896159861349215,B-
2024,LAC,too_recent,9,0,56,0.0,0.1111111111111111,,22,0.0,0.6838331073922983,0.0,1.032569308544003,0.34312002089418836,A-
2024,LAR,too_recent,10,0,72,0.0,0.2,,0,0.0,1.7016312207203708,0.0,-1.4232712090741664,0.14921830915641088,B+
2024,LVR,too_recent,8,0,38,0.0,0.25,,0,0.0,2.2741426594674112,0.0,-1.4232712090741664,0.2839268829792439,A-
2024,MIA,too_recent,7,0,25,0.0,0.0,,15,0.0,-0.5884145342677916,0.0,0.2511655074836764,-0.09412715380118453,B
2024,MIN,too_recent,6,0,26,0.0,0.0,,23,0.0,-0.5884145342677916,0.0,1.1441984229811926,0.06346689011014184,B+
2024,NOR,too_recent,7,0,32,0.0,0.0,,0,0.0,-0.5884145342677916,0.0,-1.4232712090741664,-0.3896159861349215,B-
2024,NWE,too_recent,8,0,35,0.0,0.25,,0,0.0,2.2741426594674112,0.0,-1.4232712090741664,0.2839268829792439,A-
2024,NYG,too_recent,6,0,56,0.0,0.16666666666666666,,7,0.0,1.3199569282223433,0.0,-0.6418674080138397,0.1973073816969326,B+
2024,NYJ,too_recent,7,0,23,0.0,0.0,,8,0.0,-0.5884145342677916,0.0,-0.5302382935766502,-0.23202194222359512,B
2024,PHI,too_recent,9,0,51,0.0,0.2222222222222222,,25,0.0,1.9560807490523884,0.0,1.3674566518555715,0.7015701736338981,A-
2024,PIT,too_recent,7,0,44,0.0,0.0,,20,0.0,-0.5884145342677916,0.0,0.809311079669624,0.00436912364339446,B+
2024,SEA,too_recent,8,0,38,0.0,0.0,,24,0.0,-0.5884145342677916,0.0,1.255827537418382,0.08316614559905762,B+
2024,SFO,too_recent,8,0,49,0.0,0.0,,0,0.0,-0.5884145342677916,0.0,-1.4232712090741664,-0.3896159861349215,B-
2024,TAM,too_recent,7,0,54,0.0,0.0,,0,0.0,-0.5884145342677916,0.0,-1.4232712090741664,-0.3896159861349215,B-
2024,TEN,too_recent,7,0,41,0.0,0.0,,6,0.0,-0.5884145342677916,0.0,-0.7534965224510293,-0.2714204532014267,B-
2024,WAS,too_recent,9,0,64,0.0,0.1111111111111111,,17,0.0,0.6838331073922983,0.0,0.47442373635805546,0.2446237434496094,B+
2025,ARI,too_recent,7,0,12,0.0,0.0,,3,0.0,-0.3197724386868903,0.0,-0.7043490869112644,-0.19953747149890322,B
2025,ATL,too_recent,5,0,17,0.0,0.0,,8,0.0,-0.3197724386868903,0.0,0.36894475981066227,-0.01013267501856321,B
2025,BAL,too_recent,11,0,16,0.0,0.0,,8,0.0,-0.3197724386868903,0.0,0.36894475981066227,-0.01013267501856321,B
2025,BUF,too_recent,8,0,16,0.0,0.0,,12,0.0,-0.3197724386868903,0.0,1.2275798371882036,0.1413911621657088,B+
2025,CAR,too_recent,8,0,23,0.0,0.0,,8,0.0,-0.3197724386868903,0.0,0.36894475981066227,-0.01013267501856321,B
2025,CHI,too_recent,8,0,24,0.0,0.0,,11,0.0,-0.3197724386868903,0.0,1.0129210678438183,0.1035102028696408,B+
2025,CIN,too_recent,6,0,22,0.0,0.0,,6,0.0,-0.3197724386868903,0.0,-0.06037277887810837,-0.08589459361069922,B
2025,CLE,too_recent,7,0,30,0.0,0.14285714285714285,,5,0.0,3.5375872405518285,0.0,-0.2750315482224937,0.7838384892670491,A
2025,DAL,too_recent,9,0,13,0.0,0.0,,7,0.0,-0.3197724386868903,0.0,0.15428599046627697,-0.0480136343146312,B
2025,DEN,too_recent,7,0,17,0.0,0.0,,14,0.0,-0.3197724386868903,0.0,1.6568973758769743,0.21715308075784479,B+
2025,DET,too_recent,7,0,13,0.0,0.0,,9,0.0,-0.3197724386868903,0.0,0.5836035291550477,0.027748284277504795,B+
2025,GNB,too_recent,8,0,14,0.0,0.0,,0,0.0,-0.3197724386868903,0.0,-1.3483253949444205,-0.31318034938710726,B-
2025,HOU,too_recent,9,0,20,0.0,0.0,,12,0.0,-0.3197724386868903,0.0,1.2275798371882036,0.1413911621657088,B+
2025,IND,too_recent,8,0,16,0.0,0.125,,8,0.0,3.055417280646989,0.0,0.36894475981066227,0.7840296118835262,A
2025,JAX,too_recent,9,0,14,0.0,0.0,,13,0.0,-0.3197724386868903,0.0,1.442238606532589,0.1792721214617768,B+
2025,KAN,too_recent,7,0,15,0.0,0.0,,0,0.0,-0.3197724386868903,0.0,-1.3483253949444205,-0.31318034938710726,B-
2025,LAC,too_recent,9,0,21,0.0,0.0,,11,0.0,-0.3197724386868903,0.0,1.0129210678438183,0.1035102028696408,B+
2025,LAR,too_recent,6,0,6,0.0,0.0,,0,0.0,-0.3197724386868903,0.0,-1.3483253949444205,-0.31318034938710726,B-
2025,LVR,too_recent,11,0,20,0.0,0.0,,0,0.0,-0.3197724386868903,0.0,-1.3483253949444205,-0.31318034938710726,B-
2025,MIA,too_recent,8,0,23,0.0,0.0,,7,0.0,-0.3197724386868903,0.0,0.15428599046627697,-0.0480136343146312,B
2025,MIN,too_recent,5,0,8,0.0,0.0,,9,0.0,-0.3197724386868903,0.0,0.5836035291550477,0.027748284277504795,B+
2025,NOR,too_recent,9,0,26,0.0,0.0,,0,0.0,-0.3197724386868903,0.0,-1.3483253949444205,-0.31318034938710726,B-
2025,NWE,too_recent,11,0,38,0.0,0.0,,0,0.0,-0.3197724386868903,0.0,-1.3483253949444205,-0.31318034938710726,B-
2025,NYG,too_recent,7,0,25,0.0,0.0,,4,0.0,-0.3197724386868903,0.0,-0.48969031756687903,-0.1616565122028352,B
2025,NYJ,too_recent,7,0,20,0.0,0.0,,3,0.0,-0.3197724386868903,0.0,-0.7043490869112644,-0.19953747149890322,B
2025,PHI,too_recent,10,0,12,0.0,0.0,,11,0.0,-0.3197724386868903,0.0,1.0129210678438183,0.1035102028696408,B+
2025,PIT,too_recent,7,0,10,0.0,0.0,,10,0.0,-0.3197724386868903,0.0,0.798262298499433,0.06562924357357279,B+
2025,SEA,too_recent,11,0,16,0.0,0.0,,14,0.0,-0.3197724386868903,0.0,1.6568973758769743,0.21715308075784479,B+
2025,SFO,too_recent,11,0,16,0.0,0.0,,0,0.0,-0.3197724386868903,0.0,-1.3483253949444205,-0.31318034938710726,B-
2025,TAM,too_recent,6,0,22,0.0,0.0,,0,0.0,-0.3197724386868903,0.0,-1.3483253949444205,-0.31318034938710726,B-
2025,TEN,too_recent,9,0,25,0.0,0.1111111111111111,,3,0.0,2.680396200721002,0.0,-0.7043490869112644,0.5063845613029538,A-
2025,WAS,too_recent,5,0,21,0.0,0.0,,5,0.0,-0.3197724386868903,0.0,-0.2750315482224937,-0.12377555290676719,B
